{"cameraMode":{"drawMode":0,"name":"Shaded","section":"Shading Mode"},"sceneLighting":true,"audioPlay":false,"sceneViewState":{"showFog":true,"showMaterialUpdate":false,"showSkybox":false,"showFlares":true,"showImageEffects":true,"showParticleSystems":true},"in2DMode":false,"pivot":{"x":342.3080749511719,"y":93.74333953857422,"z":1070.70751953125},"rotation":{"x":-0.13436760008335114,"y":0.5714886784553528,"z":-0.09551619738340378,"w":-0.8039057850837708},"size":1406.9339599609375,"orthographic":false}