{"cameraMode":{"drawMode":0,"name":"Shaded","section":"Shading Mode"},"sceneLighting":true,"audioPlay":false,"sceneViewState":{"showFog":true,"showMaterialUpdate":false,"showSkybox":false,"showFlares":true,"showImageEffects":true,"showParticleSystems":true},"in2DMode":false,"pivot":{"x":-0.6991238594055176,"y":1.030081033706665,"z":0.04271221160888672},"rotation":{"x":-0.020297100767493249,"y":0.9670536518096924,"z":-0.2403588443994522,"w":-0.08171691000461579},"size":49.90991973876953,"orthographic":false}