{"cameraMode":{"drawMode":0,"name":"Shaded","section":"Shading Mode"},"sceneLighting":true,"audioPlay":false,"sceneViewState":{"showFog":true,"showMaterialUpdate":false,"showSkybox":false,"showFlares":true,"showImageEffects":true,"showParticleSystems":true},"in2DMode":false,"pivot":{"x":-152.2875213623047,"y":-168.40460205078126,"z":564.5775146484375},"rotation":{"x":-0.25377199053764346,"y":0.36691856384277346,"z":-0.10475914180278778,"w":-0.8888408541679382},"size":461.57891845703127,"orthographic":false}