{"cameraMode":{"drawMode":0,"name":"Shaded","section":"Shading Mode"},"sceneLighting":true,"audioPlay":false,"sceneViewState":{"showFog":true,"showMaterialUpdate":false,"showSkybox":false,"showFlares":true,"showImageEffects":true,"showParticleSystems":true},"in2DMode":false,"pivot":{"x":1.4310500621795655,"y":0.477103590965271,"z":-1.0562963485717774},"rotation":{"x":-0.020297100767493249,"y":0.9670536518096924,"z":-0.2403588443994522,"w":-0.08171691000461579},"size":6.611690521240234,"orthographic":false}