{"cameraMode":{"drawMode":0,"name":"Shaded","section":"Shading Mode"},"sceneLighting":true,"audioPlay":false,"sceneViewState":{"showFog":true,"showMaterialUpdate":false,"showSkybox":false,"showFlares":true,"showImageEffects":true,"showParticleSystems":true},"in2DMode":false,"pivot":{"x":-0.11235763877630234,"y":0.18424852192401887,"z":1.1683812141418458},"rotation":{"x":-0.14772097766399384,"y":-0.7093985080718994,"z":0.15611431002616883,"w":-0.6712779998779297},"size":1.8581748008728028,"orthographic":false}